ts,round,scenario,status,duration_ms,message
2026-02-25T15:53:21Z,1,seed,pass,921,ok
2026-02-25T15:53:22Z,1,m2m,pass,1037,ok
2026-02-25T15:53:23Z,1,m2r,pass,885,ok
2026-02-25T15:53:24Z,1,r2m,pass,1095,ok
2026-02-25T15:53:25Z,1,r2r,pass,962,ok
2026-02-25T15:53:26Z,2,seed,pass,954,ok
2026-02-25T15:53:28Z,2,m2m,pass,1092,ok
2026-02-25T15:53:29Z,2,m2r,pass,938,ok
2026-02-25T15:53:30Z,2,r2m,pass,1068,ok
2026-02-25T15:53:31Z,2,r2r,pass,962,ok
2026-02-25T15:53:32Z,3,seed,pass,940,ok
2026-02-25T15:53:33Z,3,m2m,pass,1061,ok
2026-02-25T15:53:34Z,3,m2r,pass,909,ok
2026-02-25T15:53:35Z,3,r2m,pass,1083,ok
2026-02-25T15:53:36Z,3,r2r,pass,926,ok
2026-02-25T15:53:37Z,4,seed,pass,939,ok
2026-02-25T15:53:38Z,4,m2m,pass,1106,ok
2026-02-25T15:53:39Z,4,m2r,pass,1042,ok
2026-02-25T15:53:41Z,4,r2m,pass,2143,ok
2026-02-25T15:53:42Z,4,r2r,pass,944,ok
2026-02-25T15:53:44Z,5,seed,pass,1964,ok
2026-02-25T15:53:45Z,5,m2m,pass,1039,ok
2026-02-25T15:53:46Z,5,m2r,pass,943,ok
2026-02-25T15:53:47Z,5,r2m,pass,1043,ok
2026-02-25T15:53:48Z,5,r2r,pass,1258,ok
2026-02-25T15:53:49Z,6,seed,pass,934,ok
2026-02-25T15:53:50Z,6,m2m,pass,1022,ok
2026-02-25T15:53:51Z,6,m2r,pass,930,ok
2026-02-25T15:53:52Z,6,r2m,pass,1028,ok
2026-02-25T15:53:53Z,6,r2r,pass,936,ok
2026-02-25T15:53:54Z,7,seed,pass,1017,ok
2026-02-25T15:53:56Z,7,m2m,pass,1065,ok
2026-02-25T15:53:57Z,7,m2r,pass,933,ok
2026-02-25T15:53:58Z,7,r2m,pass,1107,ok
2026-02-25T15:53:59Z,7,r2r,pass,970,ok
2026-02-25T15:54:00Z,8,seed,pass,962,ok
2026-02-25T15:54:01Z,8,m2m,pass,1057,ok
2026-02-25T15:54:02Z,8,m2r,pass,935,ok
2026-02-25T15:54:03Z,8,r2m,pass,1030,ok
2026-02-25T15:54:04Z,8,r2r,pass,940,ok
2026-02-25T15:54:05Z,9,seed,pass,935,ok
2026-02-25T15:54:06Z,9,m2m,pass,1027,ok
2026-02-25T15:54:08Z,9,m2r,pass,1934,ok
2026-02-25T15:54:09Z,9,r2m,pass,1101,ok
2026-02-25T15:54:10Z,9,r2r,pass,991,ok
2026-02-25T15:54:11Z,10,seed,pass,940,ok
2026-02-25T15:54:12Z,10,m2m,pass,1069,ok
2026-02-25T15:54:13Z,10,m2r,pass,951,ok
2026-02-25T15:54:14Z,10,r2m,pass,1038,ok
2026-02-25T15:54:15Z,10,r2r,pass,948,ok
2026-02-25T15:54:16Z,11,seed,pass,943,ok
2026-02-25T15:54:17Z,11,m2m,pass,1031,ok
2026-02-25T15:54:18Z,11,m2r,pass,936,ok
2026-02-25T15:54:19Z,11,r2m,pass,1095,ok
2026-02-25T15:54:20Z,11,r2r,pass,948,ok
2026-02-25T15:54:21Z,12,seed,pass,935,ok
2026-02-25T15:54:22Z,12,m2m,pass,1050,ok
2026-02-25T15:54:23Z,12,m2r,pass,939,ok
2026-02-25T15:54:24Z,12,r2m,pass,1087,ok
2026-02-25T15:54:25Z,12,r2r,pass,992,ok
2026-02-25T15:54:26Z,13,seed,pass,1012,ok
2026-02-25T15:54:27Z,13,m2m,pass,1060,ok
2026-02-25T15:54:28Z,13,m2r,pass,928,ok
2026-02-25T15:54:29Z,13,r2m,pass,1015,ok
2026-02-25T15:54:30Z,13,r2r,pass,941,ok
2026-02-25T15:54:31Z,14,seed,pass,945,ok
2026-02-25T15:54:32Z,14,m2m,pass,1041,ok
2026-02-25T15:54:33Z,14,m2r,pass,934,ok
2026-02-25T15:54:34Z,14,r2m,pass,1032,ok
2026-02-25T15:54:35Z,14,r2r,pass,945,ok
2026-02-25T15:54:36Z,15,seed,pass,936,ok
2026-02-25T15:54:37Z,15,m2m,pass,1035,ok
2026-02-25T15:54:38Z,15,m2r,pass,926,ok
2026-02-25T15:54:39Z,15,r2m,pass,1023,ok
2026-02-25T15:54:40Z,15,r2r,pass,926,ok
2026-02-25T15:54:41Z,16,seed,pass,928,ok
2026-02-25T15:54:43Z,16,m2m,pass,1145,ok
2026-02-25T15:54:44Z,16,m2r,pass,926,ok
2026-02-25T15:54:45Z,16,r2m,pass,1020,ok
2026-02-25T15:54:46Z,16,r2r,pass,961,ok
2026-02-25T15:54:47Z,17,seed,pass,951,ok
2026-02-25T15:54:48Z,17,m2m,pass,1047,ok
2026-02-25T15:54:49Z,17,m2r,pass,931,ok
2026-02-25T15:54:51Z,17,r2m,pass,2074,ok
2026-02-25T15:54:52Z,17,r2r,pass,926,ok
2026-02-25T15:54:53Z,18,seed,pass,954,ok
2026-02-25T15:54:54Z,18,m2m,pass,1037,ok
2026-02-25T15:54:55Z,18,m2r,pass,936,ok
2026-02-25T15:54:56Z,18,r2m,pass,1015,ok
2026-02-25T15:54:57Z,18,r2r,pass,939,ok
2026-02-25T15:54:58Z,19,seed,pass,945,ok
2026-02-25T15:54:59Z,19,m2m,pass,1037,ok
2026-02-25T15:55:00Z,19,m2r,pass,925,ok
2026-02-25T15:55:01Z,19,r2m,pass,1029,ok
2026-02-25T15:55:02Z,19,r2r,pass,944,ok
2026-02-25T15:55:03Z,20,seed,pass,936,ok
2026-02-25T15:55:05Z,20,m2m,pass,2061,ok
2026-02-25T15:55:06Z,20,m2r,pass,938,ok
2026-02-25T15:55:07Z,20,r2m,pass,1033,ok
2026-02-25T15:55:09Z,20,r2r,pass,1953,ok
2026-02-25T15:55:10Z,21,seed,pass,967,ok
2026-02-25T15:55:11Z,21,m2m,pass,1015,ok
2026-02-25T15:55:12Z,21,m2r,pass,929,ok
2026-02-25T15:55:13Z,21,r2m,pass,1043,ok
2026-02-25T15:55:14Z,21,r2r,pass,971,ok
2026-02-25T15:55:15Z,22,seed,pass,938,ok
2026-02-25T15:55:16Z,22,m2m,pass,1020,ok
2026-02-25T15:55:17Z,22,m2r,pass,928,ok
2026-02-25T15:55:18Z,22,r2m,pass,1024,ok
2026-02-25T15:55:19Z,22,r2r,pass,922,ok
2026-02-25T15:55:20Z,23,seed,pass,950,ok
2026-02-25T15:55:21Z,23,m2m,pass,1033,ok
2026-02-25T15:55:22Z,23,m2r,pass,916,ok
2026-02-25T15:55:23Z,23,r2m,pass,1047,ok
2026-02-25T15:55:24Z,23,r2r,pass,1016,ok
2026-02-25T15:55:25Z,24,seed,pass,942,ok
2026-02-25T15:55:26Z,24,m2m,pass,1025,ok
2026-02-25T15:55:27Z,24,m2r,pass,922,ok
2026-02-25T15:55:28Z,24,r2m,pass,1043,ok
2026-02-25T15:55:29Z,24,r2r,pass,950,ok
2026-02-25T15:55:30Z,25,seed,pass,947,ok
2026-02-25T15:55:31Z,25,m2m,pass,1027,ok
2026-02-25T15:55:32Z,25,m2r,pass,939,ok
2026-02-25T15:55:33Z,25,r2m,pass,1047,ok
2026-02-25T15:55:35Z,25,r2r,pass,1941,ok
2026-02-25T15:55:36Z,26,seed,pass,932,ok
2026-02-25T15:55:37Z,26,m2m,pass,1030,ok
2026-02-25T15:55:39Z,26,m2r,pass,1937,ok
2026-02-25T15:55:40Z,26,r2m,pass,1075,ok
2026-02-25T15:55:41Z,26,r2r,pass,929,ok
2026-02-25T15:55:42Z,27,seed,pass,933,ok
2026-02-25T15:55:43Z,27,m2m,pass,1059,ok
2026-02-25T15:55:44Z,27,m2r,pass,935,ok
2026-02-25T15:55:45Z,27,r2m,pass,1232,ok
2026-02-25T15:55:46Z,27,r2r,pass,967,ok
2026-02-25T15:55:47Z,28,seed,pass,938,ok
2026-02-25T15:55:48Z,28,m2m,pass,1014,ok
2026-02-25T15:55:49Z,28,m2r,pass,945,ok
2026-02-25T15:55:50Z,28,r2m,pass,1039,ok
2026-02-25T15:55:51Z,28,r2r,pass,974,ok
2026-02-25T15:55:52Z,29,seed,pass,922,ok
2026-02-25T15:55:54Z,29,m2m,pass,1033,ok
2026-02-25T15:55:55Z,29,m2r,pass,959,ok
2026-02-25T15:55:56Z,29,r2m,pass,997,ok
2026-02-25T15:55:57Z,29,r2r,pass,937,ok
2026-02-25T15:55:57Z,30,seed,pass,930,ok
2026-02-25T15:55:59Z,30,m2m,pass,1012,ok
2026-02-25T15:55:59Z,30,m2r,pass,951,ok
2026-02-25T15:56:01Z,30,r2m,pass,1024,ok
2026-02-25T15:56:01Z,30,r2r,pass,921,ok
